﻿<?xml version="1.0" encoding="UTF-8" standalone="yes"?>
<addon id="repository.naho.kodi" name="Naho-sama repository" version="0.0.2" provider-name="NahoSama">
	<extension point="xbmc.addon.repository" name="Naho-sama Add-on Repository">
		<info compressed="false">http://raw.github.com/Naho-sama/repository.naho/master/addons.xml</info>
		<checksum>http://raw.github.com/Naho-sama/repository.naho/master/addons.xml.md5</checksum>
		<datadir zip="true">http://raw.github.com/Naho-sama/repository.naho/master/repo/</datadir>
	</extension>
	<extension point="xbmc.addon.metadata">
		<summary>Naho-sama Addon</summary>
		<description>Addon Description</description>
		<disclaimer></disclaimer>
		<platform>all</platform>
	</extension>
</addon>
